{"stats":{"minecraft:mined":{"minecraft:grass":1,"minecraft:cobblestone":2,"minecraft:spruce_log":6,"minecraft:stone":10},"minecraft:crafted":{"minecraft:spruce_planks":20,"minecraft:wooden_pickaxe":1},"minecraft:killed":{"minecraft:zombie":1},"minecraft:used":{"minecraft:oak_fence":43,"minecraft:torch":25,"minecraft:dirt":1,"minecraft:cobblestone":10,"guardvillagers:guard_spawn_egg":9,"minecraft:bread":2,"minecraft:stone":50,"minecraft:white_bed":2,"minecraft:shield":3,"minecraft:iron_sword":6,"minecraft:wooden_pickaxe":13},"minecraft:custom":{"minecraft:time_since_rest":29605,"minecraft:crouch_one_cm":459,"minecraft:play_time":29605,"minecraft:sprint_one_cm":23211,"minecraft:damage_taken":146,"minecraft:walk_one_cm":86016,"minecraft:damage_blocked_by_shield":150,"minecraft:sneak_time":393,"minecraft:mob_kills":1,"minecraft:jump":340,"minecraft:damage_dealt":204,"minecraft:time_since_death":29605,"minecraft:total_world_time":29605,"minecraft:climb_one_cm":16,"minecraft:interact_with_crafting_table":2,"minecraft:fall_one_cm":2876,"minecraft:fly_one_cm":44666},"minecraft:picked_up":{"minecraft:stick":2,"minecraft:spruce_log":5,"minecraft:dirt":1,"minecraft:cobblestone":12}},"DataVersion":3465}