{"stats":{"minecraft:mined":{"minecraft:grass":1,"minecraft:cobblestone":2,"minecraft:spruce_log":6,"minecraft:stone":10},"minecraft:crafted":{"minecraft:spruce_planks":20,"minecraft:wooden_pickaxe":1},"minecraft:killed":{"minecraft:iron_golem":1,"minecraft:zombie":1},"minecraft:used":{"minecraft:oak_fence":94,"minecraft:torch":63,"minecraft:dirt":1,"minecraft:cobblestone":80,"minecraft:lead":1,"guardvillagers:guard_spawn_egg":26,"minecraft:bread":2,"minecraft:iron_golem_spawn_egg":7,"minecraft:stone":157,"minecraft:white_bed":2,"minecraft:shield":3,"minecraft:iron_sword":27,"minecraft:wooden_pickaxe":13,"minecraft:zombie_spawn_egg":1},"minecraft:custom":{"minecraft:time_since_rest":53605,"minecraft:crouch_one_cm":599,"minecraft:play_time":53605,"minecraft:sprint_one_cm":42845,"minecraft:damage_taken":146,"minecraft:walk_one_cm":151297,"minecraft:damage_blocked_by_shield":150,"minecraft:sneak_time":562,"minecraft:mob_kills":2,"minecraft:jump":519,"minecraft:damage_dealt":1124,"minecraft:time_since_death":53605,"minecraft:total_world_time":53605,"minecraft:climb_one_cm":16,"minecraft:interact_with_crafting_table":2,"minecraft:fall_one_cm":2876,"minecraft:fly_one_cm":94241},"minecraft:picked_up":{"minecraft:stick":2,"minecraft:iron_ingot":3,"minecraft:spruce_log":5,"minecraft:dirt":1,"minecraft:cobblestone":12}},"DataVersion":3465}