{"stats":{"minecraft:mined":{"minecraft:spruce_log":6,"minecraft:stone":10},"minecraft:crafted":{"minecraft:spruce_planks":20,"minecraft:wooden_pickaxe":1},"minecraft:used":{"minecraft:torch":25,"minecraft:dirt":1,"minecraft:bread":1,"minecraft:wooden_pickaxe":10},"minecraft:custom":{"minecraft:time_since_rest":17605,"minecraft:crouch_one_cm":109,"minecraft:play_time":17605,"minecraft:sprint_one_cm":14168,"minecraft:damage_taken":80,"minecraft:walk_one_cm":43189,"minecraft:sneak_time":247,"minecraft:jump":167,"minecraft:time_since_death":17605,"minecraft:total_world_time":17605,"minecraft:climb_one_cm":16,"minecraft:interact_with_crafting_table":2,"minecraft:fall_one_cm":2191,"minecraft:fly_one_cm":29414},"minecraft:picked_up":{"minecraft:stick":2,"minecraft:spruce_log":5,"minecraft:dirt":1,"minecraft:cobblestone":11}},"DataVersion":3465}