{"stats":{"minecraft:mined":{"minecraft:grass":1,"minecraft:cobblestone":2,"minecraft:spruce_log":6,"minecraft:stone":10},"minecraft:crafted":{"minecraft:spruce_planks":20,"minecraft:wooden_pickaxe":1},"minecraft:killed":{"minecraft:iron_golem":1,"minecraft:zombie":1},"minecraft:used":{"minecraft:oak_fence":77,"minecraft:torch":57,"minecraft:dirt":1,"minecraft:cobblestone":62,"minecraft:lead":1,"guardvillagers:guard_spawn_egg":21,"minecraft:bread":2,"minecraft:iron_golem_spawn_egg":4,"minecraft:stone":157,"minecraft:white_bed":2,"minecraft:shield":3,"minecraft:iron_sword":27,"minecraft:wooden_pickaxe":13,"minecraft:zombie_spawn_egg":1},"minecraft:custom":{"minecraft:time_since_rest":41605,"minecraft:crouch_one_cm":552,"minecraft:play_time":41605,"minecraft:sprint_one_cm":32117,"minecraft:damage_taken":146,"minecraft:walk_one_cm":130624,"minecraft:damage_blocked_by_shield":150,"minecraft:sneak_time":546,"minecraft:mob_kills":2,"minecraft:jump":443,"minecraft:damage_dealt":1124,"minecraft:time_since_death":41605,"minecraft:total_world_time":41605,"minecraft:climb_one_cm":16,"minecraft:interact_with_crafting_table":2,"minecraft:fall_one_cm":2876,"minecraft:fly_one_cm":83033},"minecraft:picked_up":{"minecraft:stick":2,"minecraft:iron_ingot":3,"minecraft:spruce_log":5,"minecraft:dirt":1,"minecraft:cobblestone":12}},"DataVersion":3465}