{"stats":{"minecraft:mined":{"minecraft:large_fern":1,"minecraft:grass_block":4,"minecraft:coal_ore":6,"minecraft:stone":3,"minecraft:spruce_leaves":1,"minecraft:spruce_log":7,"minecraft:crafting_table":1},"minecraft:crafted":{"minecraft:crafting_table":1,"minecraft:spruce_planks":32,"minecraft:wooden_pickaxe":1},"minecraft:killed":{"minecraft:pig":3,"minecraft:cow":4},"minecraft:used":{"minecraft:crafting_table":1,"minecraft:bread":1,"minecraft:wooden_pickaxe":10,"minecraft:iron_sword":14},"minecraft:custom":{"minecraft:time_since_rest":17688,"minecraft:crouch_one_cm":223,"minecraft:play_time":17688,"minecraft:sprint_one_cm":26372,"minecraft:walk_one_cm":22254,"minecraft:sneak_time":187,"minecraft:mob_kills":7,"minecraft:jump":188,"minecraft:damage_dealt":702,"minecraft:time_since_death":17688,"minecraft:total_world_time":17688,"minecraft:interact_with_crafting_table":1,"minecraft:fall_one_cm":28116,"minecraft:fly_one_cm":54983},"minecraft:picked_up":{"minecraft:crafting_table":1,"minecraft:stick":3,"minecraft:leather":4,"minecraft:wheat_seeds":1,"minecraft:beef":8,"minecraft:porkchop":5,"minecraft:spruce_sapling":1,"minecraft:spruce_log":8,"minecraft:coal":5,"minecraft:dirt":3,"minecraft:cobblestone":2}},"DataVersion":3465}