{"stats":{"minecraft:killed_by":{"guardvillagers:guard":1},"minecraft:mined":{"minecraft:large_fern":1,"minecraft:spruce_log":7,"minecraft:crafting_table":1,"minecraft:torch":1,"minecraft:grass":1,"minecraft:grass_block":9,"minecraft:coal_ore":12,"minecraft:dirt":2,"minecraft:stone_slab":4,"minecraft:cobblestone":1,"minecraft:spruce_leaves":1,"minecraft:stone":11},"minecraft:crafted":{"minecraft:crafting_table":1,"minecraft:spruce_planks":32,"minecraft:wooden_pickaxe":1},"minecraft:used":{"minecraft:bread":4,"minecraft:wooden_pickaxe":34,"minecraft:iron_sword":23,"minecraft:dirt":10,"minecraft:crafting_table":1},"minecraft:killed":{"minecraft:skeleton":2,"minecraft:pig":3,"minecraft:chicken":1,"minecraft:cow":4},"minecraft:custom":{"minecraft:time_since_rest":4209,"minecraft:sprint_one_cm":56135,"minecraft:damage_taken":261,"minecraft:walk_one_cm":51937,"minecraft:mob_kills":10,"minecraft:damage_dealt":1071,"minecraft:interact_with_crafting_table":1,"minecraft:fly_one_cm":78969,"minecraft:crouch_one_cm":699,"minecraft:play_time":41688,"minecraft:deaths":1,"minecraft:sneak_time":311,"minecraft:jump":312,"minecraft:time_since_death":4174,"minecraft:total_world_time":41688,"minecraft:fall_one_cm":31414},"minecraft:picked_up":{"minecraft:stick":3,"minecraft:crafting_table":1,"minecraft:chicken":1,"minecraft:torch":1,"minecraft:leather":4,"minecraft:lead":1,"minecraft:stone_slab":4,"minecraft:porkchop":5,"minecraft:spruce_sapling":1,"minecraft:spruce_log":8,"minecraft:dirt":10,"minecraft:bone":2,"minecraft:arrow":3,"minecraft:rotten_flesh":1,"minecraft:wheat_seeds":2,"minecraft:beef":8,"minecraft:poppy":1,"minecraft:coal":12,"minecraft:cobblestone":12}},"DataVersion":3465}