{"stats":{"minecraft:killed_by":{"guardvillagers:guard":1,"minecraft:creeper":1},"minecraft:mined":{"minecraft:large_fern":1,"minecraft:fire":3,"minecraft:spruce_log":12,"minecraft:crafting_table":2,"minecraft:torch":1,"minecraft:grass":1,"minecraft:grass_block":9,"minecraft:coal_ore":17,"minecraft:dirt":2,"minecraft:stone_slab":4,"minecraft:cobblestone":1,"minecraft:spruce_leaves":1,"minecraft:stone":32},"minecraft:crafted":{"minecraft:crafting_table":1,"minecraft:stick":4,"minecraft:spruce_planks":32,"minecraft:stone_pickaxe":1,"minecraft:wooden_pickaxe":1,"minecraft:stone_axe":1},"minecraft:used":{"minecraft:bread":6,"minecraft:wooden_pickaxe":60,"minecraft:iron_sword":25,"minecraft:stone_axe":6,"minecraft:dirt":10,"minecraft:cobblestone":1,"minecraft:crafting_table":2},"minecraft:killed":{"minecraft:skeleton":2,"minecraft:pig":3,"minecraft:chicken":1,"minecraft:spider":1,"minecraft:cow":4},"minecraft:custom":{"minecraft:time_since_rest":6936,"minecraft:sprint_one_cm":94189,"minecraft:damage_taken":561,"minecraft:walk_one_cm":76648,"minecraft:mob_kills":11,"minecraft:damage_dealt":1101,"minecraft:interact_with_crafting_table":2,"minecraft:fly_one_cm":116631,"minecraft:crouch_one_cm":699,"minecraft:play_time":51303,"minecraft:deaths":2,"minecraft:sneak_time":347,"minecraft:jump":500,"minecraft:leave_game":1,"minecraft:time_since_death":6884,"minecraft:total_world_time":51303,"minecraft:fall_one_cm":35234},"minecraft:broken":{"minecraft:wooden_pickaxe":1},"minecraft:picked_up":{"minecraft:crafting_table":2,"minecraft:stick":3,"minecraft:chicken":1,"minecraft:stone_slab":5,"minecraft:leather":4,"minecraft:lead":1,"minecraft:torch":1,"minecraft:porkchop":5,"minecraft:spruce_sapling":1,"minecraft:spruce_log":12,"minecraft:spider_eye":1,"minecraft:dirt":11,"minecraft:bone":2,"minecraft:arrow":3,"minecraft:rotten_flesh":5,"minecraft:wheat_seeds":3,"minecraft:beef":8,"minecraft:poppy":1,"minecraft:coal":17,"minecraft:cobblestone":34,"minecraft:egg":1}},"DataVersion":3465}