{"stats":{"minecraft:mined":{"minecraft:large_fern":1,"minecraft:grass":1,"minecraft:grass_block":9,"minecraft:coal_ore":12,"minecraft:dirt":2,"minecraft:stone_slab":3,"minecraft:stone":9,"minecraft:spruce_leaves":1,"minecraft:spruce_log":7,"minecraft:crafting_table":1},"minecraft:crafted":{"minecraft:crafting_table":1,"minecraft:spruce_planks":32,"minecraft:wooden_pickaxe":1},"minecraft:killed":{"minecraft:pig":3,"minecraft:cow":4},"minecraft:used":{"minecraft:dirt":1,"minecraft:crafting_table":1,"minecraft:bread":1,"minecraft:wooden_pickaxe":32,"minecraft:iron_sword":14},"minecraft:custom":{"minecraft:time_since_rest":29688,"minecraft:crouch_one_cm":223,"minecraft:play_time":29688,"minecraft:sprint_one_cm":34847,"minecraft:walk_one_cm":29752,"minecraft:sneak_time":215,"minecraft:mob_kills":7,"minecraft:jump":228,"minecraft:damage_dealt":702,"minecraft:time_since_death":29688,"minecraft:total_world_time":29688,"minecraft:interact_with_crafting_table":1,"minecraft:fall_one_cm":30369,"minecraft:fly_one_cm":62681},"minecraft:picked_up":{"minecraft:crafting_table":1,"minecraft:stick":3,"minecraft:rotten_flesh":1,"minecraft:leather":4,"minecraft:stone_slab":3,"minecraft:wheat_seeds":2,"minecraft:beef":8,"minecraft:porkchop":5,"minecraft:spruce_sapling":1,"minecraft:spruce_log":8,"minecraft:coal":12,"minecraft:dirt":10,"minecraft:cobblestone":9}},"DataVersion":3465}